City,Rank,Status,Total Advertisers,Checked At UTC
"Acton, MA",-,API_ERROR: API request failed after 3 attempts: HTTP Error 429: Too Many Requests,,2026-09-28 13:48:16 UTC
"Andover, MA",-,API_ERROR: API request failed after 3 attempts: HTTP Error 429: Too Many Requests,,2026-09-28 13:48:26 UTC
"Arlington, MA",-,API_ERROR: API request failed after 3 attempts: HTTP Error 429: Too Many Requests,,2026-09-28 13:48:36 UTC
"Bedford, MA",-,API_ERROR: API request failed after 3 attempts: HTTP Error 429: Too Many Requests,,2026-09-28 13:48:47 UTC
"Belmont, MA",-,API_ERROR: API request failed after 3 attempts: HTTP Error 429: Too Many Requests,,2026-09-28 13:48:57 UTC
"Billerica, MA",-,API_ERROR: API request failed after 3 attempts: HTTP Error 429: Too Many Requests,,2026-09-28 13:49:07 UTC
"Boston, MA",-,API_ERROR: API request failed after 3 attempts: HTTP Error 429: Too Many Requests,,2026-09-28 13:49:17 UTC
"Braintree, MA",-,API_ERROR: API request failed after 3 attempts: HTTP Error 429: Too Many Requests,,2026-09-28 13:49:27 UTC
"Brookline, MA",-,API_ERROR: API request failed after 3 attempts: HTTP Error 429: Too Many Requests,,2026-09-28 13:49:38 UTC
"Burlington, MA",-,API_ERROR: API request failed after 3 attempts: HTTP Error 429: Too Many Requests,,2026-09-28 13:49:48 UTC
"Cambridge, MA",-,API_ERROR: API request failed after 3 attempts: HTTP Error 429: Too Many Requests,,2026-09-28 13:49:58 UTC
"Canton, MA",-,API_ERROR: API request failed after 3 attempts: HTTP Error 429: Too Many Requests,,2026-09-28 13:50:08 UTC
"Chelmsford, MA",-,API_ERROR: API request failed after 3 attempts: HTTP Error 429: Too Many Requests,,2026-09-28 13:50:18 UTC
"Chelsea, MA",-,API_ERROR: API request failed after 3 attempts: HTTP Error 429: Too Many Requests,,2026-09-28 13:50:29 UTC
"Concord, MA",-,API_ERROR: API request failed after 3 attempts: HTTP Error 429: Too Many Requests,,2026-09-28 13:50:39 UTC
"Dedham, MA",-,API_ERROR: API request failed after 3 attempts: HTTP Error 429: Too Many Requests,,2026-09-28 13:50:49 UTC
"Dracut, MA",-,API_ERROR: API request failed after 3 attempts: HTTP Error 429: Too Many Requests,,2026-09-28 13:50:59 UTC
"Everett, MA",-,API_ERROR: API request failed after 3 attempts: HTTP Error 429: Too Many Requests,,2026-09-28 13:51:09 UTC
"Framingham, MA",-,API_ERROR: API request failed after 3 attempts: HTTP Error 429: Too Many Requests,,2026-09-28 13:51:20 UTC
"Haverhill, MA",-,API_ERROR: API request failed after 3 attempts: HTTP Error 429: Too Many Requests,,2026-09-28 13:51:30 UTC
"Lawrence, MA",-,API_ERROR: API request failed after 3 attempts: HTTP Error 429: Too Many Requests,,2026-09-28 13:51:40 UTC
"Lexington, MA",-,API_ERROR: API request failed after 3 attempts: HTTP Error 429: Too Many Requests,,2026-09-28 13:51:50 UTC
"Littleton, MA",-,API_ERROR: API request failed after 3 attempts: HTTP Error 429: Too Many Requests,,2026-09-28 13:52:00 UTC
"Lowell, MA",-,API_ERROR: API request failed after 3 attempts: HTTP Error 429: Too Many Requests,,2026-09-28 13:52:11 UTC
"Malden, MA",-,API_ERROR: API request failed after 3 attempts: HTTP Error 429: Too Many Requests,,2026-09-28 13:52:21 UTC
"Marlborough, MA",-,API_ERROR: API request failed after 3 attempts: HTTP Error 429: Too Many Requests,,2026-09-28 13:52:31 UTC
"Medford, MA",-,API_ERROR: API request failed after 3 attempts: HTTP Error 429: Too Many Requests,,2026-09-28 13:52:41 UTC
"Melrose, MA",-,API_ERROR: API request failed after 3 attempts: HTTP Error 429: Too Many Requests,,2026-09-28 13:52:51 UTC
"Methuen, MA",-,API_ERROR: API request failed after 3 attempts: HTTP Error 429: Too Many Requests,,2026-09-28 13:53:02 UTC
"Milton, MA",-,API_ERROR: API request failed after 3 attempts: HTTP Error 429: Too Many Requests,,2026-09-28 13:53:12 UTC
"Natick, MA",-,API_ERROR: API request failed after 3 attempts: HTTP Error 429: Too Many Requests,,2026-09-28 13:53:22 UTC
"Needham, MA",-,API_ERROR: API request failed after 3 attempts: HTTP Error 429: Too Many Requests,,2026-09-28 13:53:32 UTC
"Newton, MA",-,API_ERROR: API request failed after 3 attempts: HTTP Error 429: Too Many Requests,,2026-09-28 13:53:42 UTC
"North Andover, MA",-,API_ERROR: API request failed after 3 attempts: HTTP Error 429: Too Many Requests,,2026-09-28 13:53:53 UTC
"Norwood, MA",-,API_ERROR: API request failed after 3 attempts: HTTP Error 429: Too Many Requests,,2026-09-28 13:54:03 UTC
"Quincy, MA",-,API_ERROR: API request failed after 3 attempts: HTTP Error 429: Too Many Requests,,2026-09-28 13:54:13 UTC
"Reading, MA",-,API_ERROR: API request failed after 3 attempts: HTTP Error 429: Too Many Requests,,2026-09-28 13:54:23 UTC
"Revere, MA",-,API_ERROR: API request failed after 3 attempts: HTTP Error 429: Too Many Requests,,2026-09-28 13:54:33 UTC
"Somerville, MA",-,API_ERROR: API request failed after 3 attempts: HTTP Error 429: Too Many Requests,,2026-09-28 13:54:44 UTC
"Stoneham, MA",-,API_ERROR: API request failed after 3 attempts: HTTP Error 429: Too Many Requests,,2026-09-28 13:54:54 UTC
"Sudbury, MA",-,API_ERROR: API request failed after 3 attempts: HTTP Error 429: Too Many Requests,,2026-09-28 13:55:04 UTC
"Tewksbury, MA",-,API_ERROR: API request failed after 3 attempts: HTTP Error 429: Too Many Requests,,2026-09-28 13:55:14 UTC
"Wakefield, MA",-,API_ERROR: API request failed after 3 attempts: HTTP Error 429: Too Many Requests,,2026-09-28 13:55:25 UTC
"Waltham, MA",-,API_ERROR: API request failed after 3 attempts: HTTP Error 429: Too Many Requests,,2026-09-28 13:55:35 UTC
"Watertown, MA",-,API_ERROR: API request failed after 3 attempts: HTTP Error 429: Too Many Requests,,2026-09-28 13:55:45 UTC
"Wayland, MA",-,API_ERROR: API request failed after 3 attempts: HTTP Error 429: Too Many Requests,,2026-09-28 13:55:55 UTC
"Wellesley, MA",-,API_ERROR: API request failed after 3 attempts: HTTP Error 429: Too Many Requests,,2026-09-28 13:56:05 UTC
"Westford, MA",-,API_ERROR: API request failed after 3 attempts: HTTP Error 429: Too Many Requests,,2026-09-28 13:56:16 UTC
"Weston, MA",-,API_ERROR: API request failed after 3 attempts: HTTP Error 429: Too Many Requests,,2026-09-28 13:56:26 UTC
"Westwood, MA",-,API_ERROR: API request failed after 3 attempts: HTTP Error 429: Too Many Requests,,2026-09-28 13:56:36 UTC
"Wilmington, MA",-,API_ERROR: API request failed after 3 attempts: HTTP Error 429: Too Many Requests,,2026-09-28 13:56:46 UTC
"Winchester, MA",-,API_ERROR: API request failed after 3 attempts: HTTP Error 429: Too Many Requests,,2026-09-28 13:56:57 UTC
"Winthrop, MA",-,API_ERROR: API request failed after 3 attempts: HTTP Error 429: Too Many Requests,,2026-09-28 13:57:07 UTC
"Woburn, MA",-,API_ERROR: API request failed after 3 attempts: HTTP Error 429: Too Many Requests,,2026-09-28 13:57:17 UTC
